{"cameraMode":{"drawMode":0,"name":"Shaded","section":"Shading Mode"},"sceneLighting":true,"audioPlay":false,"sceneViewState":{"m_AlwaysRefresh":false,"showFog":true,"showSkybox":true,"showFlares":true,"showImageEffects":true,"showParticleSystems":true,"showVisualEffectGraphs":true,"m_FxEnabled":true},"in2DMode":false,"pivot":{"x":0.44123193621635439,"y":-5.392171859741211,"z":-0.9243125915527344},"rotation":{"x":-0.4500999450683594,"y":0.00185299979057163,"z":-0.0009900808800011874,"w":-0.8931289911270142},"size":10.449251174926758,"orthographic":false}